"Search Term","Sell Through Rate","Sold Count"
"1973 Triumph Spitfire climate control","0%","0"
"1984 Lincoln Continental climate control","0%","0"
"1984 Volvo 240 climate control","0%","0"
"1985 BMW 7 Series climate control","0%","0"
"1985 Ford F-150 climate control","77%","40"
"1985 Toyota MR2 climate control","10%","2"
"1986 Chevrolet S-10 Blazer climate control","93%","13"
"1986 Pontiac Fiero climate control","12%","2"
"1987 Jaguar XJS climate control","11%","2"
"1988 Ford E-150 Econoline climate control","30%","3"
"1989 Ford F-150 climate control","28%","48"
"1989 Jaguar XJS climate control","9%","1"
"1989 Nissan Pulsar NX climate control","33%","1"
"1989 Nissan Sentra climate control","18%","3"
"1990 Acura Integra climate control","37%","7"
"1990 Cadillac Eldorado climate control","22%","5"
"1990 Chevrolet Celebrity climate control","0%","0"
"1990 Volkswagen Vanagon climate control","0%","0"
"1991 Acura Legend climate control","41%","11"
"1991 Cadillac Deville climate control","130%","39"
"1991 Chrysler LeBaron climate control","14%","2"
"1991 Dodge Dakota climate control","38%","30"
"1991 Honda Accord climate control","77%","41"
"1991 Infiniti M30 climate control","0%","0"
"1991 Oldsmobile Cutlass Ciera climate control","40%","2"
"1992 Acura Integra climate control","35%","7"
"1992 Chevrolet Camaro climate control","50%","10"
"1992 Toyota Paseo climate control","11%","1"
"1993 Buick Park Avenue climate control","38%","8"
"1993 Infiniti G20 climate control","75%","3"
"1993 Mercury Grand Marquis climate control","14%","1"
"1993 Volkswagen Eurovan climate control","19%","3"
"1994 Buick Park Avenue climate control","42%","11"
"1994 Cadillac Deville climate control","44%","7"
"1994 Chevrolet Astro climate control","23%","6"
"1994 Chevrolet G20 climate control","53%","19"
"1994 Ford F-150 climate control","77%","181"
"1994 Ford Mustang climate control","12%","22"
"1994 Honda Accord climate control","55%","29"
"1994 Honda Passport climate control","40%","2"
"1994 Lincoln Town Car climate control","100%","14"
"1995 Buick LeSabre climate control","68%","32"
"1995 Chevrolet Blazer climate control","89%","123"
"1995 Ford Escort climate control","25%","1"
"1995 Ford Explorer climate control","36%","90"
"1995 Ford Windstar climate control","12%","6"
"1995 Oldsmobile Aurora climate control","13%","1"
"1996 Chevrolet Blazer climate control","90%","122"
"1996 Chevrolet C1500 climate control","30%","80"
"1996 Dodge Ram 1500 climate control","57%","86"
"1996 Ford E-250 Econoline climate control","124%","42"
"1996 Ford Mustang climate control","14%","25"
"1996 Honda Accord climate control","45%","37"
"1996 Honda Odyssey climate control","35%","6"
"1996 Jeep Grand Cherokee climate control","67%","64"
"1996 Mercury Grand Marquis climate control","61%","19"
"1996 Saturn SL2 climate control","6%","2"
"1996 Toyota Avalon climate control","41%","19"
"1996 Toyota Camry climate control","25%","17"
"1997 Chevrolet K1500 climate control","38%","121"
"1997 Chevrolet Tahoe climate control","40%","179"
"1997 Dodge Ram 1500 climate control","67%","104"
"1997 Ford Crown Victoria climate control","42%","25"
"1997 Ford Escort climate control","42%","5"
"1997 Ford Expedition climate control","34%","193"
"1997 Ford F-150 climate control","45%","282"
"1997 Honda Civic climate control","40%","94"
"1997 Jaguar XJ6 climate control","6%","8"
"1997 Jeep Grand Cherokee climate control","84%","54"
"1997 Lexus ES300 climate control","11%","8"
"1997 Mercury Cougar climate control","27%","3"
"1997 Nissan Altima climate control","4%","2"
"1997 Subaru Legacy climate control","69%","11"
"1997 Toyota Camry climate control","23%","38"
"1998 Buick Century climate control","78%","28"
"1998 Buick LeSabre climate control","83%","33"
"1998 Buick Park Avenue climate control","83%","54"
"1998 Chevrolet C1500 climate control","31%","80"
"1998 Dodge Neon climate control","0%","0"
"1998 Dodge Ram 1500 climate control","55%","139"
"1998 Ford Expedition climate control","34%","186"
"1998 Ford Explorer climate control","36%","109"
"1998 Ford F-150 climate control","42%","210"
"1998 GMC C1500 climate control","28%","68"
"1998 Honda CR-V climate control","28%","29"
"1998 Jeep Cherokee climate control","75%","63"
"1998 Jeep Grand Cherokee climate control","78%","54"
"1998 Lexus ES300 climate control","11%","7"
"1998 Lexus LS400 climate control","63%","27"
"1998 Mercury Grand Marquis climate control","57%","62"
"1998 Mitsubishi Montero Sport climate control","25%","2"
"1998 Nissan Altima climate control","1%","1"
"1998 Oldsmobile 88 climate control","64%","7"
"1998 Toyota Avalon climate control","51%","24"
"1998 Toyota Camry climate control","22%","34"
"1998 Toyota Corolla climate control","9%","14"
"1998 Toyota RAV4 climate control","57%","16"
"1999 Buick Park Avenue climate control","84%","54"
"1999 Cadillac Deville climate control","45%","5"
"1999 Chevrolet C1500 climate control","32%","89"
"1999 Chevrolet Silverado 1500 climate control","30%","167"
"1999 Dodge Ram 1500 climate control","44%","59"
"1999 Ford E-150 Econoline climate control","120%","139"
"1999 Ford Expedition climate control","28%","215"
"1999 Ford Explorer climate control","38%","109"
"1999 Ford Mustang climate control","30%","60"
"1999 Ford Ranger climate control","35%","106"
"1999 Honda Accord climate control","30%","158"
"1999 Honda CR-V climate control","29%","41"
"1999 Lexus SC300 climate control","23%","14"
"1999 Mercury Mountaineer climate control","48%","43"
"1999 Nissan Altima climate control","7%","4"
"1999 Oldsmobile Intrigue climate control","69%","9"
"1999 Subaru Forester climate control","53%","10"
"1999 Suzuki Grand Vitara climate control","200%","4"
"1999 Toyota Camry climate control","27%","39"
"1999 Toyota Solara climate control","23%","33"
"2000 Acura TL climate control","15%","15"
"2000 Buick Park Avenue climate control","81%","48"
"2000 Chevrolet Camaro climate control","29%","24"
"2000 Chevrolet Impala climate control","110%","32"
"2000 Chevrolet Suburban 1500 climate control","21%","96"
"2000 Dodge Dakota climate control","31%","35"
"2000 Dodge Grand Caravan climate control","93%","14"
"2000 Dodge Ram 1500 climate control","63%","120"
"2000 Ford Expedition climate control","26%","213"
"2000 Ford Explorer climate control","38%","112"
"2000 Ford Focus climate control","43%","103"
"2000 Ford Taurus climate control","44%","8"
"2000 Ford Windstar climate control","15%","6"
"2000 Honda Accord climate control","29%","221"
"2000 Honda Odyssey climate control","16%","87"
"2000 Hyundai Elantra climate control","18%","2"
"2000 Jeep Cherokee climate control","76%","68"
"2000 Lexus ES300 climate control","7%","12"
"2000 Lexus RX300 climate control","53%","19"
"2000 Lincoln Town Car climate control","26%","19"
"2000 Mazda 626 climate control","2%","1"
"2000 Mercury Grand Marquis climate control","55%","57"
"2000 Mercury Mystique climate control","0%","0"
"2000 Mercury Sable climate control","29%","2"
"2000 Mitsubishi Galant climate control","10%","2"
"2000 Nissan Altima climate control","8%","6"
"2000 Nissan Sentra climate control","29%","80"
"2000 Nissan Xterra climate control","64%","43"
"2000 Porsche Boxster climate control","36%","28"
"2000 Toyota Avalon climate control","29%","34"
"2000 Toyota Camry climate control","28%","48"
"2000 Toyota Land Cruiser climate control","18%","22"
"2000 Toyota Sienna climate control","20%","18"
"2000 Toyota Solara climate control","22%","33"
"2000 Volkswagen Beetle climate control","18%","17"
"2001 Acura TL climate control","14%","14"
"2001 Buick Century climate control","23%","35"
"2001 Buick LeSabre climate control","43%","89"
"2001 Cadillac Eldorado climate control","31%","4"
"2001 Chevrolet Blazer climate control","26%","57"
"2001 Chevrolet Impala climate control","84%","26"
"2001 Chevrolet Malibu climate control","20%","11"
"2001 Chevrolet S10 climate control","29%","54"
"2001 Chevrolet Silverado 2500 HD climate control","11%","29"
"2001 Chevrolet Tahoe climate control","25%","193"
"2001 Chrysler Town & Country climate control","12%","21"
"2001 Dodge Durango climate control","37%","49"
"2001 Dodge Grand Caravan climate control","17%","18"
"2001 Dodge Ram 1500 climate control","57%","163"
"2001 Ford Crown Victoria climate control","74%","92"
"2001 Ford E-150 Econoline climate control","123%","139"
"2001 Ford Escort climate control","40%","2"
"2001 Ford Expedition climate control","26%","211"
"2001 Ford Explorer Sport climate control","20%","44"
"2001 Ford Explorer Sport Trac climate control","21%","43"
"2001 Ford F-150 climate control","36%","235"
"2001 Ford Mustang climate control","37%","68"
"2001 GMC Sierra 1500 climate control","20%","89"
"2001 Honda Accord climate control","25%","147"
"2001 Hyundai Accent climate control","80%","8"
"2001 Hyundai Santa Fe climate control","11%","5"
"2001 Isuzu Rodeo climate control","74%","31"
"2001 Jeep Grand Cherokee climate control","65%","135"
"2001 Kia Rio climate control","7%","1"
"2001 Kia Sephia climate control","0%","0"
"2001 Lexus GS300 climate control","44%","27"
"2001 Lincoln Town Car climate control","32%","28"
"2001 Mazda Protege climate control","38%","5"
"2001 Mazda Tribute climate control","20%","8"
"2001 Mercury Grand Marquis climate control","51%","53"
"2001 Mercury Sable climate control","17%","1"
"2001 Mitsubishi Mirage climate control","7%","1"
"2001 Mitsubishi Montero Sport climate control","11%","5"
"2001 Nissan Altima climate control","17%","9"
"2001 Nissan Frontier climate control","44%","50"
"2001 Nissan Maxima climate control","29%","15"
"2001 Nissan Pathfinder climate control","50%","44"
"2001 Nissan Quest climate control","4%","2"
"2001 Nissan Xterra climate control","40%","49"
"2001 Subaru Outback climate control","17%","18"
"2001 Suzuki Swift climate control","0%","0"
"2001 Suzuki Vitara climate control","33%","2"
"2001 Toyota Avalon climate control","32%","41"
"2001 Toyota Camry climate control","28%","49"
"2001 Toyota Sequoia climate control","55%","106"
"2001 Toyota Sienna climate control","17%","16"
"2001 Volkswagen Beetle climate control","18%","17"
"2001 Volkswagen Cabrio climate control","38%","6"
"2001 Volkswagen Passat climate control","8%","9"
"2002 Acura TL climate control","14%","15"
"2002 BMW 325i climate control","11%","47"
"2002 Buick Century climate control","23%","35"
"2002 Buick LeSabre climate control","44%","89"
"2002 Chevrolet Impala climate control","90%","26"
"2002 Chevrolet Malibu climate control","20%","11"
"2002 Chevrolet S10 climate control","30%","56"
"2002 Chevrolet TrailBlazer climate control","35%","64"
"2002 Chevrolet TrailBlazer EXT climate control","34%","24"
"2002 Chrysler Concorde climate control","38%","27"
"2002 Chrysler Town & Country climate control","12%","20"
"2002 Dodge Dakota climate control","39%","92"
"2002 Dodge Durango climate control","43%","56"
"2002 Dodge Intrepid climate control","28%","22"
"2002 Dodge Ram 1500 climate control","56%","265"
"2002 Ford Expedition climate control","27%","230"
"2002 Ford Explorer climate control","15%","168"
"2002 Ford F-150 climate control","39%","263"
"2002 Ford Focus climate control","44%","101"
"2002 GMC Envoy climate control","35%","53"
"2002 GMC Yukon climate control","26%","260"
"2002 Honda Accord climate control","24%","149"
"2002 Honda Civic climate control","23%","103"
"2002 Isuzu Trooper climate control","26%","8"
"2002 Jeep Grand Cherokee climate control","61%","129"
"2002 Jeep Liberty climate control","29%","37"
"2002 Lexus ES300 climate control","50%","22"
"2002 Lexus GS300 climate control","44%","27"
"2002 Lexus GS430 climate control","44%","22"
"2002 Lexus RX300 climate control","60%","21"
"2002 Lincoln Town Car climate control","34%","32"
"2002 Mazda Protege climate control","57%","4"
"2002 Mercury Sable climate control","14%","1"
"2002 Nissan Altima climate control","29%","47"
"2002 Nissan Maxima climate control","29%","16"
"2002 Nissan Pathfinder climate control","59%","44"
"2002 Nissan Sentra climate control","29%","78"
"2002 Nissan Xterra climate control","63%","91"
"2002 Pontiac Bonneville climate control","24%","6"
"2002 Subaru Legacy climate control","10%","20"
"2002 Toyota Avalon climate control","32%","41"
"2002 Toyota Camry climate control","14%","143"
"2002 Toyota Corolla climate control","6%","13"
"2002 Toyota RAV4 climate control","29%","24"
"2002 Toyota Sequoia climate control","53%","110"
"2002 Toyota Sienna climate control","17%","18"
"2002 Volkswagen Beetle climate control","18%","17"
"2002 Volkswagen Jetta climate control","6%","7"
"2002 Volkswagen Passat climate control","8%","8"
"2002 Volvo S60 climate control","30%","24"
"2003 Acura MDX climate control","6%","23"
"2003 Acura TL climate control","14%","15"
"2003 Audi A6 climate control","5%","4"
"2003 BMW 325i climate control","10%","44"
"2003 Buick Century climate control","23%","35"
"2003 Buick LeSabre climate control","44%","89"
"2003 Cadillac Deville climate control","23%","28"
"2003 Chevrolet Astro climate control","36%","46"
"2003 Chevrolet Cavalier climate control","26%","9"
"2003 Chevrolet Impala climate control","110%","33"
"2003 Chevrolet Suburban 1500 climate control","38%","112"
"2003 Chevrolet TrailBlazer climate control","35%","175"
"2003 Chrysler Town & Country climate control","13%","21"
"2003 Dodge Durango climate control","43%","57"
"2003 Dodge Ram 1500 climate control","47%","246"
"2003 Dodge Ram 1500 Van climate control","38%","22"
"2003 Ford Crown Victoria climate control","64%","121"
"2003 Ford E-150 climate control","93%","165"
"2003 Ford Escape climate control","27%","51"
"2003 Ford Expedition climate control","30%","219"
"2003 Ford Explorer climate control","18%","180"
"2003 Ford F-150 climate control","0%","265"
"2003 Ford Focus climate control","43%","98"
"2003 Ford Mustang climate control","32%","62"
"2003 Ford Taurus climate control","50%","12"
"2003 Ford Windstar climate control","12%","6"
"2003 GMC Envoy XL climate control","26%","53"
"2003 GMC Sierra 1500 climate control","44%","148"
"2003 GMC Yukon XL 1500 climate control","27%","90"
"2003 Honda Accord climate control","91%","128"
"2003 Honda Civic climate control","22%","106"
"2003 Honda CR-V climate control","30%","46"
"2003 Honda Element climate control","18%","33"
"2003 Honda Insight climate control","50%","6"
"2003 Honda Odyssey climate control","11%","54"
"2003 Honda Pilot climate control","9%","35"
"2003 Kia Sorento climate control","6%","10"
"2003 Land Rover Discovery climate control","8%","12"
"2003 Lexus RX300 climate control","51%","23"
"2003 Lincoln Navigator climate control","23%","28"
"2003 Lincoln Town Car climate control","26%","39"
"2003 Mazda 6 climate control","21%","24"
"2003 Mazda Protege climate control","36%","4"
"2003 Mercury Grand Marquis climate control","54%","84"
"2003 Mini Cooper climate control","13%","11"
"2003 Mitsubishi Lancer climate control","93%","64"
"2003 Mitsubishi Outlander climate control","135%","50"
"2003 Nissan Altima climate control","36%","49"
"2003 Nissan Frontier climate control","54%","74"
"2003 Nissan Maxima climate control","22%","13"
"2003 Nissan Murano climate control","16%","39"
"2003 Nissan Sentra climate control","28%","77"
"2003 Nissan Xterra climate control","55%","89"
"2003 Subaru Forester climate control","14%","27"
"2003 Toyota Avalon climate control","38%","41"
"2003 Toyota Camry climate control","15%","141"
"2003 Toyota Corolla climate control","49%","98"
"2003 Volkswagen Jetta climate control","7%","7"
"2003 Volvo S60 climate control","35%","28"
"2004 Audi A4 climate control","9%","13"
"2004 BMW 330i climate control","10%","39"
"2004 BMW X3 climate control","12%","27"
"2004 BMW X5 climate control","46%","78"
"2004 Buick LeSabre climate control","45%","90"
"2004 Buick Park Avenue climate control","82%","47"
"2004 Buick Rendezvous climate control","72%","52"
"2004 Chevrolet Avalanche 1500 climate control","41%","81"
"2004 Chevrolet Blazer climate control","20%","46"
"2004 Chevrolet Cavalier climate control","26%","9"
"2004 Chevrolet Classic climate control","50%","7"
"2004 Chevrolet Silverado 1500 climate control","67%","266"
"2004 Chevrolet Suburban 1500 climate control","30%","117"
"2004 Chevrolet Tahoe climate control","50%","363"
"2004 Chevrolet TrailBlazer climate control","37%","163"
"2004 Chrysler Pacifica climate control","24%","26"
"2004 Dodge Dakota climate control","27%","97"
"2004 Dodge Durango climate control","32%","69"
"2004 Dodge Ram 1500 climate control","48%","229"
"2004 Ford Escape climate control","29%","57"
"2004 Ford Expedition climate control","31%","167"
"2004 Ford Explorer climate control","16%","121"
"2004 Ford F-150 climate control","45%","625"
"2004 Ford F-250 Super Duty climate control","26%","71"
"2004 Ford Mustang climate control","37%","74"
"2004 Ford Ranger climate control","31%","111"
"2004 Honda Accord climate control","81%","142"
"2004 Honda Civic climate control","23%","108"
"2004 Honda CR-V climate control","32%","50"
"2004 Honda Odyssey climate control","11%","54"
"2004 Hyundai Elantra climate control","19%","11"
"2004 Hyundai Santa Fe climate control","14%","25"
"2004 Hyundai Sonata climate control","25%","14"
"2004 Hyundai XG350 climate control","3%","2"
"2004 Infiniti FX35 climate control","39%","18"
"2004 Infiniti G35 climate control","23%","21"
"2004 Infiniti QX56 climate control","27%","37"
"2004 Isuzu Ascender climate control","12%","20"
"2004 Isuzu Rodeo climate control","69%","31"
"2004 Jeep Liberty climate control","19%","52"
"2004 Kia Rio climate control","250%","5"
"2004 Kia Sorento climate control","8%","12"
"2004 Kia Spectra climate control","9%","4"
"2004 Lincoln Navigator climate control","21%","23"
"2004 Mazda 3 climate control","44%","35"
"2004 Mercury Grand Marquis climate control","52%","78"
"2004 Mercury Mountaineer climate control","11%","59"
"2004 Mini Cooper climate control","16%","20"
"2004 Mitsubishi Endeavor climate control","15%","4"
"2004 Nissan Altima climate control","26%","50"
"2004 Nissan Murano climate control","15%","38"
"2004 Nissan Pathfinder climate control","50%","69"
"2004 Nissan Pathfinder Armada climate control","52%","23"
"2004 Nissan Quest climate control","41%","38"
"2004 Nissan Titan climate control","103%","181"
"2004 Nissan Xterra climate control","58%","97"
"2004 Pontiac Grand Prix climate control","48%","32"
"2004 Porsche Cayenne climate control","9%","13"
"2004 Suzuki Forenza climate control","17%","5"
"2004 Toyota Camry climate control","13%","121"
"2004 Volkswagen Beetle climate control","19%","17"
"2004 Volkswagen Passat climate control","7%","7"
"2004 Volkswagen Touareg climate control","13%","15"
"2004 Volvo S60 climate control","38%","34"
"2005 Acura MDX climate control","6%","24"
"2005 Acura TL climate control","13%","23"
"2005 BMW 745i climate control","7%","9"
"2005 BMW X3 climate control","10%","22"
"2005 Buick LaCrosse climate control","25%","16"
"2005 Buick LeSabre climate control","48%","99"
"2005 Cadillac CTS climate control","4%","18"
"2005 Chevrolet Avalanche 1500 climate control","51%","76"
"2005 Chevrolet Aveo climate control","4%","3"
"2005 Chevrolet Cobalt climate control","22%","51"
"2005 Chevrolet Express 2500 climate control","25%","41"
"2005 Chevrolet Impala climate control","58%","54"
"2005 Chevrolet Malibu climate control","44%","37"
"2005 Chevrolet Silverado 1500 climate control","73%","259"
"2005 Chevrolet Suburban climate control","44%","133"
"2005 Chevrolet Tahoe climate control","52%","365"
"2005 Chrysler 300 climate control","47%","119"
"2005 Chrysler Pacifica climate control","14%","25"
"2005 Chrysler Sebring climate control","37%","47"
"2005 Chrysler Town & Country climate control","25%","66"
"2005 Dodge Dakota climate control","39%","123"
"2005 Dodge Durango climate control","29%","72"
"2005 Dodge Neon climate control","48%","21"
"2005 Dodge Ram 1500 climate control","48%","283"
"2005 Ford Crown Victoria climate control","66%","114"
"2005 Ford E-150 climate control","77%","182"
"2005 Ford Escape climate control","18%","66"
"2005 Ford Expedition climate control","21%","85"
"2005 Ford F-150 climate control","39%","473"
"2005 Ford Five Hundred climate control","35%","17"
"2005 Ford Focus climate control","44%","96"
"2005 Ford Freestar climate control","10%","12"
"2005 Ford Freestyle climate control","16%","21"
"2005 Ford Taurus climate control","42%","10"
"2005 GMC Envoy climate control","47%","224"
"2005 GMC Envoy XL climate control","27%","54"
"2005 Honda Accord climate control","111%","125"
"2005 Honda Odyssey climate control","7%","46"
"2005 Honda Pilot climate control","9%","34"
"2005 Hyundai Accent climate control","83%","5"
"2005 Hyundai Elantra climate control","21%","13"
"2005 Hyundai Sonata climate control","29%","18"
"2005 Hyundai XG350 climate control","3%","2"
"2005 Infiniti FX35 climate control","34%","19"
"2005 Infiniti G35 climate control","24%","23"
"2005 Infiniti QX56 climate control","27%","36"
"2005 Jeep Liberty climate control","21%","53"
"2005 Kia Sorento climate control","8%","12"
"2005 Kia Spectra climate control","11%","4"
"2005 Lexus ES330 climate control","50%","24"
"2005 Lexus LS430 climate control","23%","25"
"2005 Lincoln Town Car climate control","27%","35"
"2005 Mazda 3 climate control","41%","27"
"2005 Mazda 6 climate control","19%","22"
"2005 Mazda MPV climate control","10%","4"
"2005 Mitsubishi Endeavor climate control","17%","4"
"2005 Nissan Altima climate control","10%","32"
"2005 Nissan Armada climate control","70%","171"
"2005 Nissan Maxima climate control","13%","36"
"2005 Pontiac Grand Prix climate control","44%","31"
"2005 Pontiac Vibe climate control","20%","6"
"2005 Saturn Ion climate control","500%","10"
"2005 Saturn Vue climate control","41%","7"
"2005 Scion tC climate control","46%","67"
"2005 Subaru Outback climate control","34%","30"
"2005 Toyota 4Runner climate control","73%","92"
"2005 Toyota Camry climate control","13%","116"
"2005 Toyota Corolla climate control","44%","92"
"2005 Toyota Echo climate control","8%","1"
"2005 Toyota Prius climate control","20%","10"
"2005 Toyota Sienna climate control","13%","48"
"2005 Volkswagen Beetle climate control","19%","17"
"2005 Volkswagen Jetta climate control","8%","41"
"2005 Volvo V50 climate control","32%","12"
"2005 Volvo XC90 climate control","28%","34"
"2006 Acura MDX climate control","7%","30"
"2006 Acura TL climate control","18%","35"
"2006 Acura TSX climate control","30%","3"
"2006 BMW 325i climate control","8%","57"
"2006 BMW 330i climate control","9%","55"
"2006 BMW 750Li climate control","9%","10"
"2006 BMW X5 climate control","42%","82"
"2006 Buick Lucerne climate control","13%","18"
"2006 Buick Rendezvous climate control","70%","52"
"2006 Cadillac CTS climate control","5%","20"
"2006 Chevrolet Cobalt climate control","20%","44"
"2006 Chevrolet Equinox climate control","104%","52"
"2006 Chevrolet HHR climate control","63%","52"
"2006 Chevrolet Impala climate control","7%","49"
"2006 Chevrolet Malibu climate control","64%","28"
"2006 Chevrolet Monte Carlo climate control","4%","10"
"2006 Chevrolet Silverado 1500 climate control","75%","258"
"2006 Chevrolet TrailBlazer climate control","36%","167"
"2006 Chevrolet Uplander climate control","9%","7"
"2006 Chrysler 300 climate control","36%","145"
"2006 Chrysler Pacifica climate control","14%","25"
"2006 Chrysler PT Cruiser climate control","14%","16"
"2006 Dodge Durango climate control","30%","71"
"2006 Dodge Grand Caravan climate control","22%","45"
"2006 Dodge Magnum climate control","39%","70"
"2006 Dodge Ram 1500 climate control","50%","175"
"2006 Ford Escape climate control","19%","69"
"2006 Ford Expedition climate control","18%","70"
"2006 Ford Explorer climate control","15%","106"
"2006 Ford F-150 climate control","39%","468"
"2006 Ford Five Hundred climate control","22%","10"
"2006 Ford Freestyle climate control","16%","21"
"2006 Ford Fusion climate control","20%","82"
"2006 Ford Mustang climate control","40%","87"
"2006 Ford Taurus climate control","38%","9"
"2006 Honda Accord climate control","104%","125"
"2006 Honda Civic climate control","31%","123"
"2006 Honda Element climate control","20%","34"
"2006 Honda Odyssey climate control","8%","77"
"2006 Honda Pilot climate control","8%","30"
"2006 Hyundai Azera climate control","17%","12"
"2006 Hyundai Elantra climate control","25%","15"
"2006 Hyundai Sonata climate control","21%","32"
"2006 Hyundai Tiburon climate control","13%","7"
"2006 Infiniti G35 climate control","27%","20"
"2006 Jeep Commander climate control","37%","100"
"2006 Jeep Liberty climate control","19%","47"
"2006 Kia Optima climate control","9%","12"
"2006 Kia Rio climate control","50%","16"
"2006 Kia Spectra climate control","17%","7"
"2006 Kia Spectra5 climate control","33%","1"
"2006 Lexus GS300 climate control","18%","8"
"2006 Lincoln Town Car climate control","26%","36"
"2006 Mazda 3 climate control","39%","31"
"2006 Mazda 6 climate control","20%","24"
"2006 Mazda Tribute climate control","22%","8"
"2006 Mercury Milan climate control","24%","53"
"2006 Mitsubishi Galant climate control","15%","7"
"2006 Nissan Altima climate control","9%","30"
"2006 Nissan Armada climate control","71%","171"
"2006 Nissan Murano climate control","14%","39"
"2006 Nissan Pathfinder climate control","40%","196"
"2006 Nissan Quest climate control","51%","39"
"2006 Nissan Sentra climate control","29%","81"
"2006 Pontiac Grand Prix climate control","45%","33"
"2006 Pontiac Vibe climate control","20%","6"
"2006 Porsche Cayenne climate control","7%","11"
"2006 Saturn Vue climate control","29%","12"
"2006 Subaru Forester climate control","18%","33"
"2006 Subaru Impreza climate control","26%","29"
"2006 Subaru Outback climate control","34%","30"
"2006 Suzuki Forenza climate control","18%","5"
"2006 Toyota 4Runner climate control","58%","90"
"2006 Toyota Camry climate control","13%","121"
"2006 Toyota Corolla climate control","46%","97"
"2006 Toyota Prius climate control","58%","40"
"2006 Toyota Sienna climate control","24%","103"
"2006 Volkswagen Passat climate control","5%","27"
"2006 Volkswagen Touareg climate control","29%","12"
"2006 Volvo S60 climate control","40%","38"
"2006 Volvo V70 climate control","54%","34"
"2006 Volvo XC90 climate control","34%","41"
"2007 Acura MDX climate control","9%","22"
"2007 Acura RDX climate control","10%","12"
"2007 Acura TL climate control","15%","26"
"2007 Audi A4 climate control","7%","21"
"2007 BMW X3 climate control","9%","22"
"2007 BMW X5 climate control","5%","50"
"2007 Buick LaCrosse climate control","30%","18"
"2007 Buick Lucerne climate control","21%","35"
"2007 Buick Rendezvous climate control","67%","56"
"2007 Cadillac CTS climate control","9%","20"
"2007 Cadillac SRX climate control","4%","5"
"2007 Chevrolet Cobalt climate control","20%","44"
"2007 Chevrolet Express 2500 climate control","23%","36"
"2007 Chevrolet HHR climate control","40%","74"
"2007 Chevrolet Impala climate control","7%","42"
"2007 Chevrolet Malibu climate control","63%","42"
"2007 Chevrolet Silverado 1500 Classic climate control","22%","47"
"2007 Chevrolet TrailBlazer climate control","28%","101"
"2007 Chevrolet Uplander climate control","12%","10"
"2007 Chrysler 300 climate control","0%","0"
"2007 Chrysler Aspen climate control","16%","23"
"2007 Chrysler Pacifica climate control","6%","9"
"2007 Chrysler Town & Country climate control","24%","70"
"2007 Dodge Caliber climate control","18%","56"
"2007 Dodge Charger climate control","40%","85"
"2007 Dodge Durango climate control","31%","68"
"2007 Dodge Grand Caravan climate control","23%","50"
"2007 Dodge Magnum climate control","38%","68"
"2007 Dodge Ram 1500 climate control","51%","125"
"2007 Ford Escape climate control","20%","75"
"2007 Ford Expedition climate control","20%","112"
"2007 Ford Explorer climate control","16%","84"
"2007 Ford F-150 climate control","39%","462"
"2007 Ford Five Hundred climate control","35%","17"
"2007 Ford Focus climate control","43%","97"
"2007 Ford Taurus climate control","39%","15"
"2007 Honda Accord climate control","80%","133"
"2007 Honda Civic climate control","28%","117"
"2007 Honda Odyssey climate control","7%","47"
"2007 Honda Pilot climate control","8%","30"
"2007 HUMMER H3 climate control","41%","78"
"2007 Hyundai Elantra climate control","31%","27"
"2007 Hyundai Entourage climate control","11%","4"
"2007 Hyundai Santa Fe climate control","24%","26"
"2007 Infiniti FX35 climate control","17%","16"
"2007 Jeep Liberty climate control","21%","61"
"2007 Kia Sorento climate control","38%","23"
"2007 Kia Spectra climate control","27%","25"
"2007 Lexus RX400h climate control","59%","26"
"2007 Lincoln MKX climate control","22%","21"
"2007 Lincoln MKZ climate control","2%","3"
"2007 Lincoln Navigator climate control","12%","19"
"2007 Mazda 3 climate control","21%","23"
"2007 Mazda 6 climate control","19%","21"
"2007 Mini Cooper climate control","10%","26"
"2007 Mitsubishi Eclipse climate control","42%","22"
"2007 Nissan Altima climate control","18%","124"
"2007 Nissan Murano climate control","14%","39"
"2007 Nissan Quest climate control","17%","26"
"2007 Nissan Sentra climate control","16%","30"
"2007 Nissan Xterra climate control","39%","122"
"2007 Pontiac G6 climate control","18%","31"
"2007 Saab 9-3 climate control","8%","10"
"2007 Saab 9-5 climate control","16%","4"
"2007 Saturn Ion climate control","51%","25"
"2007 Subaru Forester climate control","14%","29"
"2007 Subaru Outback climate control","25%","26"
"2007 Toyota Camry climate control","14%","117"
"2007 Toyota Corolla climate control","47%","91"
"2007 Toyota Prius climate control","61%","40"
"2007 Volkswagen Jetta climate control","9%","41"
"2007 Volkswagen Passat climate control","7%","31"
"2007 Volkswagen Rabbit climate control","5%","21"
"2007 Volvo S60 climate control","42%","41"
"2007 Volvo XC90 climate control","41%","46"
"2008 Acura MDX climate control","7%","16"
"2008 Acura RL climate control","15%","2"
"2008 Audi A6 Quattro climate control","11%","9"
"2008 Audi Q7 climate control","11%","15"
"2008 BMW 750Li climate control","7%","7"
"2008 BMW X5 climate control","6%","51"
"2008 Buick Lucerne climate control","22%","33"
"2008 Cadillac CTS climate control","89%","115"
"2008 Cadillac SRX climate control","8%","18"
"2008 Chevrolet Express 1500 climate control","23%","38"
"2008 Chevrolet Impala climate control","7%","42"
"2008 Chevrolet Silverado 1500 climate control","28%","102"
"2008 Chevrolet Suburban 1500 climate control","21%","94"
"2008 Chevrolet Uplander climate control","11%","10"
"2008 Chrysler 300 climate control","30%","92"
"2008 Chrysler Sebring climate control","14%","31"
"2008 Dodge Avenger climate control","18%","70"
"2008 Dodge Caliber climate control","19%","53"
"2008 Dodge Ram climate control","51%","186"
"2008 Dodge Ram 1500 climate control","56%","167"
"2008 Ford Crown Victoria climate control","64%","110"
"2008 Ford Edge climate control","11%","42"
"2008 Ford Escape climate control","30%","54"
"2008 Ford Expedition climate control","20%","109"
"2008 Ford Explorer climate control","13%","52"
"2008 Ford F-150 climate control","40%","474"
"2008 Ford Focus climate control","13%","33"
"2008 Ford Fusion climate control","20%","82"
"2008 Ford Mustang climate control","38%","95"
"2008 Ford Taurus climate control","7%","17"
"2008 GMC Acadia climate control","19%","74"
"2008 Honda Accord climate control","31%","63"
"2008 Honda Civic climate control","31%","113"
"2008 Honda Fit climate control","15%","25"
"2008 Honda Odyssey climate control","10%","68"
"2008 Honda Pilot climate control","7%","28"
"2008 HUMMER H3 climate control","37%","70"
"2008 Hyundai Elantra climate control","30%","23"
"2008 Hyundai Santa Fe climate control","22%","24"
"2008 Infiniti FX35 climate control","16%","16"
"2008 Infiniti G35 climate control","46%","92"
"2008 Jeep Liberty climate control","29%","66"
"2008 Kia Sorento climate control","37%","23"
"2008 Kia Spectra climate control","24%","25"
"2008 Land Rover LR3 climate control","13%","15"
"2008 Lexus IS 250 climate control","38%","39"
"2008 Lincoln MKX climate control","13%","22"
"2008 Mazda 3 climate control","25%","28"
"2008 Mazda B2300 climate control","100%","7"
"2008 Mazda Tribute climate control","50%","6"
"2008 Mercury Grand Marquis climate control","54%","75"
"2008 Mini Cooper climate control","9%","29"
"2008 Mitsubishi Eclipse climate control","42%","22"
"2008 Mitsubishi Endeavor climate control","25%","9"
"2008 Nissan Altima climate control","18%","146"
"2008 Nissan Armada climate control","34%","80"
"2008 Nissan Maxima climate control","1%","4"
"2008 Nissan Pathfinder climate control","40%","163"
"2008 Nissan Rogue climate control","10%","26"
"2008 Nissan Sentra climate control","15%","28"
"2008 Nissan Versa climate control","17%","15"
"2008 Nissan Xterra climate control","40%","125"
"2008 Pontiac G6 climate control","18%","32"
"2008 Porsche Cayenne climate control","21%","16"
"2008 Saturn Aura climate control","12%","21"
"2008 Saturn Outlook climate control","10%","16"
"2008 Scion xD climate control","35%","9"
"2008 Subaru Forester climate control","14%","34"
"2008 Suzuki Grand Vitara climate control","85%","23"
"2008 Toyota Camry climate control","15%","84"
"2008 Toyota Corolla climate control","52%","101"
"2008 Toyota Prius climate control","58%","38"
"2008 Toyota RAV4 climate control","28%","89"
"2008 Toyota Sequoia climate control","22%","15"
"2008 Volkswagen Eos climate control","6%","19"
"2008 Volkswagen GTI climate control","9%","11"
"2008 Volkswagen Passat climate control","6%","31"
"2008 Volvo S40 climate control","57%","12"
"2008 Volvo S60 climate control","38%","35"
"2008 Volvo XC90 climate control","39%","46"
"2009 Acura MDX climate control","10%","22"
"2009 Acura RDX climate control","8%","11"
"2009 Audi A5 Quattro climate control","4%","23"
"2009 Chevrolet Aveo climate control","4%","4"
"2009 Chevrolet Aveo5 climate control","2%","1"
"2009 Chevrolet Cobalt climate control","20%","44"
"2009 Chevrolet Impala climate control","7%","31"
"2009 Dodge Caliber climate control","19%","55"
"2009 Dodge Grand Caravan climate control","15%","75"
"2009 Dodge Journey climate control","9%","39"
"2009 Ford Crown Victoria climate control","64%","110"
"2009 Ford F-150 climate control","67%","175"
"2009 Ford Fusion climate control","21%","87"
"2009 Ford Taurus climate control","7%","18"
"2009 Honda Accord climate control","27%","37"
"2009 Honda Civic climate control","32%","111"
"2009 Honda Odyssey climate control","10%","70"
"2009 Honda Pilot climate control","12%","30"
"2009 Hyundai Accent climate control","56%","23"
"2009 Hyundai Elantra climate control","24%","29"
"2009 Hyundai Santa Fe climate control","25%","25"
"2009 Infiniti G37 climate control","39%","110"
"2009 Jaguar XF climate control","2%","7"
"2009 Kia Optima climate control","8%","6"
"2009 Kia Rio5 climate control","0%","0"
"2009 Mazda 3 climate control","7%","21"
"2009 Mitsubishi Lancer climate control","12%","18"
"2009 Nissan Altima climate control","19%","144"
"2009 Nissan Maxima climate control","7%","46"
"2009 Nissan Murano climate control","5%","10"
"2009 Nissan Pathfinder climate control","38%","138"
"2009 Nissan Rogue climate control","9%","22"
"2009 Nissan Versa climate control","14%","19"
"2009 Pontiac Vibe climate control","32%","13"
"2009 Saturn Aura climate control","13%","21"
"2009 Saturn Vue climate control","27%","25"
"2009 Subaru Forester climate control","17%","32"
"2009 Toyota Camry climate control","16%","97"
"2009 Toyota Matrix climate control","26%","22"
"2009 Toyota Yaris climate control","32%","22"
"2009 Volkswagen CC climate control","5%","18"
"2009 Volvo C70 climate control","82%","9"
"2009 Volvo S40 climate control","65%","13"
"2010 Acura TL climate control","1%","2"
"2010 Audi A4 climate control","5%","46"
"2010 Audi A5 Quattro climate control","4%","21"
"2010 Audi Q5 climate control","5%","38"
"2010 Buick Enclave climate control","19%","81"
"2010 Cadillac CTS climate control","74%","90"
"2010 Cadillac DTS climate control","5%","15"
"2010 Cadillac SRX climate control","13%","17"
"2010 Chevrolet Equinox climate control","29%","65"
"2010 Chevrolet Impala climate control","7%","30"
"2010 Chevrolet Malibu climate control","15%","72"
"2010 Chevrolet Traverse climate control","12%","55"
"2010 Chrysler Town & Country climate control","17%","106"
"2010 Dodge Caliber climate control","36%","48"
"2010 Dodge Journey climate control","12%","56"
"2010 Ford Crown Victoria climate control","64%","110"
"2010 Ford Edge climate control","11%","43"
"2010 Ford Escape climate control","45%","109"
"2010 Ford Expedition climate control","19%","103"
"2010 Ford Explorer climate control","19%","98"
"2010 Ford Focus climate control","14%","31"
"2010 Ford Fusion climate control","27%","97"
"2010 Ford Transit Connect climate control","14%","10"
"2010 Honda Insight climate control","8%","4"
"2010 Honda Odyssey climate control","10%","40"
"2010 Hyundai Accent climate control","45%","29"
"2010 Hyundai Elantra climate control","25%","33"
"2010 Hyundai Sonata climate control","31%","44"
"2010 Infiniti G37 climate control","47%","137"
"2010 Jaguar XF climate control","2%","5"
"2010 Jeep Liberty climate control","31%","76"
"2010 Kia Forte climate control","46%","124"
"2010 Kia Optima climate control","11%","7"
"2010 Kia Rio climate control","31%","18"
"2010 Kia Soul climate control","26%","23"
"2010 Lexus ES350 climate control","12%","9"
"2010 Mazda 3 climate control","4%","17"
"2010 Mazda 5 climate control","8%","9"
"2010 Mazda 6 climate control","2%","8"
"2010 Mercury Mariner climate control","31%","34"
"2010 Mercury Mountaineer climate control","18%","34"
"2010 Mini Cooper climate control","6%","13"
"2010 Nissan Altima climate control","21%","140"
"2010 Nissan Maxima climate control","7%","47"
"2010 Nissan Murano climate control","8%","25"
"2010 Nissan Rogue climate control","10%","25"
"2010 Suzuki Kizashi climate control","4%","3"
"2010 Toyota Camry climate control","23%","45"
"2010 Toyota Corolla climate control","24%","88"
"2010 Toyota Matrix climate control","27%","20"
"2010 Volkswagen CC climate control","4%","17"
"2010 Volkswagen Jetta climate control","14%","51"
"2010 Volkswagen Tiguan climate control","7%","17"
"2010 Volvo S40 climate control","60%","15"
"2010 Volvo XC60 climate control","114%","24"
"2011 Audi A4 climate control","6%","51"
"2011 BMW 328i climate control","9%","70"
"2011 BMW 328i xDrive climate control","9%","31"
"2011 BMW 550i climate control","5%","38"
"2011 Cadillac CTS climate control","72%","89"
"2011 Chevrolet Aveo climate control","5%","5"
"2011 Chevrolet Cruze climate control","6%","33"
"2011 Chevrolet Equinox climate control","29%","61"
"2011 Chevrolet Impala climate control","7%","35"
"2011 Chevrolet Malibu climate control","16%","75"
"2011 Chevrolet Silverado 2500 HD climate control","22%","45"
"2011 Chevrolet Tahoe climate control","33%","176"
"2011 Chevrolet Traverse climate control","12%","56"
"2011 Chrysler 200 climate control","16%","107"
"2011 Chrysler Town & Country climate control","20%","142"
"2011 Dodge Caliber climate control","16%","67"
"2011 Dodge Journey climate control","9%","96"
"2011 Dodge Nitro climate control","41%","80"
"2011 Ford Crown Victoria climate control","65%","124"
"2011 Ford Edge climate control","55%","149"
"2011 Ford Expedition climate control","19%","100"
"2011 Ford Focus climate control","16%","39"
"2011 Ford Fusion climate control","33%","65"
"2011 GMC Acadia climate control","16%","76"
"2011 Honda Civic climate control","28%","81"
"2011 Honda CR-V climate control","27%","67"
"2011 Honda Fit climate control","6%","16"
"2011 Honda Odyssey climate control","6%","43"
"2011 Honda Pilot climate control","12%","26"
"2011 Hyundai Equus climate control","3%","2"
"2011 Hyundai Sonata climate control","6%","62"
"2011 Infiniti EX35 climate control","29%","21"
"2011 Land Rover LR2 climate control","6%","3"
"2011 Lexus ES350 climate control","14%","10"
"2011 Mazda 3 climate control","4%","18"
"2011 Mini Cooper Countryman climate control","4%","6"
"2011 Mitsubishi Endeavor climate control","27%","7"
"2011 Mitsubishi Galant climate control","19%","6"
"2011 Mitsubishi Lancer climate control","12%","19"
"2011 Nissan Altima climate control","21%","132"
"2011 Nissan Leaf climate control","2%","1"
"2011 Nissan Maxima climate control","6%","46"
"2011 Nissan Rogue climate control","10%","49"
"2011 Nissan Sentra climate control","19%","26"
"2011 Nissan Versa climate control","15%","22"
"2011 Subaru Legacy climate control","20%","73"
"2011 Suzuki SX4 climate control","5%","5"
"2011 Toyota Avalon climate control","17%","11"
"2011 Toyota Camry climate control","27%","34"
"2011 Volvo S40 climate control","67%","12"
"2011 Volvo S60 climate control","26%","23"
"2012 Acura TSX climate control","1%","2"
"2012 Audi A6 Quattro climate control","7%","22"
"2012 BMW X5 climate control","5%","45"
"2012 Buick Enclave climate control","19%","83"
"2012 Cadillac SRX climate control","15%","16"
"2012 Chevrolet Cruze climate control","6%","59"
"2012 Chevrolet Equinox climate control","61%","117"
"2012 Chevrolet Malibu climate control","16%","81"
"2012 Chevrolet Tahoe climate control","26%","107"
"2012 Chevrolet Traverse climate control","12%","58"
"2012 Dodge Avenger climate control","17%","91"
"2012 Dodge Charger climate control","20%","55"
"2012 Dodge Grand Caravan climate control","12%","172"
"2012 Ford Escape climate control","45%","120"
"2012 Ford Focus climate control","4%","41"
"2012 Ford Fusion climate control","28%","95"
"2012 Ford Mustang climate control","44%","28"
"2012 Honda Accord climate control","37%","61"
"2012 Hyundai Elantra climate control","8%","34"
"2012 Hyundai Genesis climate control","12%","40"
"2012 Hyundai Sonata climate control","6%","51"
"2012 Infiniti M35h climate control","14%","6"
"2012 Jeep Liberty climate control","36%","38"
"2012 Kia Optima climate control","4%","26"
"2012 Kia Sorento climate control","19%","44"
"2012 Kia Soul climate control","19%","33"
"2012 Lincoln MKZ climate control","13%","7"
"2012 Mazda 3 climate control","4%","16"
"2012 Mitsubishi Galant climate control","16%","5"
"2012 Nissan Altima climate control","21%","135"
"2012 Nissan Maxima climate control","6%","44"
"2012 Nissan Murano climate control","8%","25"
"2012 Nissan Rogue climate control","10%","49"
"2012 Nissan Sentra climate control","18%","25"
"2012 Scion xB climate control","27%","13"
"2012 Subaru Outback climate control","17%","36"
"2012 Toyota Yaris climate control","10%","5"
"2012 Volkswagen Jetta climate control","10%","82"
"2012 Volkswagen Tiguan climate control","12%","21"
"2012 Volvo S60 climate control","27%","22"
"2012 Volvo S80 climate control","55%","16"
"2013 BMW 328i climate control","9%","94"
"2013 BMW X3 climate control","4%","13"
"2013 Buick Encore climate control","9%","20"
"2013 Chevrolet Cruze climate control","8%","48"
"2013 Chevrolet Impala climate control","29%","36"
"2013 Chevrolet Malibu climate control","21%","51"
"2013 Chevrolet Sonic climate control","10%","15"
"2013 Chrysler 200 climate control","15%","98"
"2013 Chrysler Town & Country climate control","18%","137"
"2013 Dodge Avenger climate control","16%","89"
"2013 Dodge Dart climate control","9%","38"
"2013 Fiat 500 climate control","17%","25"
"2013 Ford Edge climate control","48%","114"
"2013 Ford Escape climate control","4%","42"
"2013 Ford Fiesta climate control","5%","18"
"2013 Ford Focus climate control","5%","43"
"2013 GMC Terrain climate control","59%","53"
"2013 Hyundai Accent climate control","40%","38"
"2013 Hyundai Sonata climate control","5%","52"
"2013 Mazda 5 climate control","7%","12"
"2013 Nissan Altima climate control","18%","212"
"2013 Nissan Cube climate control","24%","29"
"2013 Nissan Juke climate control","5%","11"
"2013 Nissan Maxima climate control","6%","42"
"2013 Nissan Murano climate control","8%","24"
"2013 Nissan Rogue climate control","10%","51"
"2013 Nissan Versa climate control","31%","36"
"2013 Volkswagen CC climate control","8%","20"
"2013 Volvo XC60 climate control","39%","20"
"2014 Audi A4 climate control","5%","32"
"2014 Chevrolet Cruze climate control","8%","51"
"2014 Chevrolet Equinox climate control","72%","89"
"2014 Chevrolet Impala Limited climate control","10%","6"
"2014 Chevrolet Sonic climate control","10%","13"
"2014 Chevrolet Spark climate control","10%","6"
"2014 Chevrolet Volt climate control","22%","7"
"2014 Chrysler Town & Country climate control","18%","137"
"2014 Dodge Avenger climate control","17%","97"
"2014 Dodge Grand Caravan climate control","12%","172"
"2014 Dodge Journey climate control","8%","78"
"2014 Fiat 500 climate control","9%","24"
"2014 Ford Edge climate control","59%","153"
"2014 Ford Escape climate control","5%","45"
"2014 Ford Focus climate control","5%","49"
"2014 Honda CR-V climate control","12%","29"
"2014 Honda CR-Z climate control","44%","8"
"2014 Hyundai Elantra climate control","11%","52"
"2014 Hyundai Elantra Coupe climate control","6%","10"
"2014 Hyundai Sonata climate control","8%","40"
"2014 Infiniti QX60 climate control","8%","28"
"2014 Jeep Patriot climate control","17%","109"
"2014 Kia Sedona climate control","12%","14"
"2014 Mazda 3 climate control","8%","16"
"2014 Mini Cooper Countryman climate control","15%","11"
"2014 Nissan Altima climate control","16%","135"
"2014 Nissan Rogue climate control","12%","95"
"2014 Nissan Sentra climate control","12%","52"
"2014 Nissan Versa climate control","35%","48"
"2014 Volkswagen Jetta climate control","10%","85"
"2015 Audi A4 climate control","5%","33"
"2015 Buick Verano climate control","7%","22"
"2015 Chevrolet Cruze climate control","7%","44"
"2015 Chevrolet Malibu climate control","14%","37"
"2015 Chrysler 200 climate control","11%","26"
"2015 Ford Focus climate control","5%","46"
"2015 Ford Fusion climate control","25%","52"
"2015 Honda Pilot climate control","3%","10"
"2015 Infiniti QX60 climate control","6%","21"
"2015 Kia Forte climate control","5%","19"
"2015 Mitsubishi Mirage climate control","2%","1"
"2015 Nissan Altima climate control","17%","150"
"2015 Nissan Sentra climate control","4%","46"
"2015 Nissan Versa climate control","36%","78"
"2016 Buick LaCrosse climate control","7%","9"
"2016 Chevrolet Cruze climate control","8%","62"
"2016 Chevrolet Cruze Limited climate control","4%","10"
"2016 Ford Focus climate control","5%","46"
"2016 Ford Police Interceptor Sedan climate control","16%","4"
"2016 Hyundai Elantra GT climate control","6%","9"
"2016 Hyundai Santa Fe climate control","15%","25"
"2016 Hyundai Sonata climate control","11%","53"
"2016 Infiniti QX60 climate control","7%","25"
"2016 Jeep Cherokee climate control","16%","83"
"2016 Jeep Patriot climate control","18%","114"
"2016 Kia Rio climate control","22%","9"
"2016 Kia Soul climate control","11%","35"
"2016 Nissan NV200 climate control","65%","30"
"2017 Ford Focus climate control","6%","47"
"2017 Mitsubishi Lancer climate control","12%","7"
"2017 Nissan Altima climate control","17%","77"
"2017 Toyota Camry climate control","26%","82"
"2017 Volkswagen Jetta climate control","17%","40"
"2018 Dodge Journey climate control","8%","46"
"2018 Hyundai Santa Fe Sport climate control","18%","9"
"2018 Mitsubishi Mirage G4 climate control","25%","1"
"2019 Chevrolet Equinox climate control","10%","31"
"2019 Ford Fiesta climate control","4%","8"
"2019 Ram 1500 Classic climate control","24%","30"
"2021 Nissan Rogue Sport climate control","9%","29"